{
  "manifest": {
    "apis": {
      "custom": {
        "endpoint": {
          "uri": "arn:aws:lambda:us-east-1:997985899886:function:5388162d-bf00-40e6-8ae7-77475c7d2231:Release_0"
        },
        "interfaces": [],
        "locales": {},
        "regions": {
          "EU": {
            "endpoint": {
              "uri": "arn:aws:lambda:eu-west-1:997985899886:function:5388162d-bf00-40e6-8ae7-77475c7d2231:Release_0"
            }
          },
          "NA": {
            "endpoint": {
              "uri": "arn:aws:lambda:us-east-1:997985899886:function:5388162d-bf00-40e6-8ae7-77475c7d2231:Release_0"
            }
          },
          "FE": {
            "endpoint": {
              "uri": "arn:aws:lambda:us-west-2:997985899886:function:5388162d-bf00-40e6-8ae7-77475c7d2231:Release_0"
            }
          }
        }
      }
    },
    "manifestVersion": "1.0",
    "permissions": [
      {
        "name": "alexa::devices:all:address:full:read"
      },
      {
        "name": "alexa::profile:name:read"
      },
      {
        "name": "alexa::profile:email:read"
      },
      {
        "name": "alexa::profile:mobile_number:read"
      },
      {
        "name": "alexa::household:lists:read"
      },
      {
        "name": "alexa::household:lists:write"
      },
      {
        "name": "alexa::person_id:read"
      },
      {
        "name": "alexa::authenticate:2:mandatory"
      }
    ],
    "publishingInformation": {
      "distributionCountries": [],
      "isAvailableWorldwide": true,
      "locales": {
        "en-US": {
          "description": "Sample Full Description",
          "examplePhrases": [
            "Alexa open hello world",
            "hello",
            "help"
          ],
          "keywords": [],
          "name": "Hackathon Project",
          "summary": "Sample Short Description"
        }
      },
      "testingInstructions": "Sample Testing Instructions."
    }
  }
}